[
  {
    "Name": "20x102mm NATO",
    "BulletType": "Aicraft",

    "TracerColor": [255, 215, 83],
    "TracerSize": 0.15,
    "TracerLength": 1,

    "TimeToLive": 1.8,
    "Gravity": 3,
    "IsThick": true,
    "BulletDiameter": 2.5,

    "ImpactDamage": 10,
    "ImpactPenetration": 55,
    "ImpactForce": 20,
    "IsFriendlyFireEnabled": true,

    "ExplodeOnImpact": false,
    "ExplodeOnTimeout": false,
    "BlastRadius": 0.0,
    "SplashPenetration": 0,
    "SplashDamage": 5,

    "CraterSize": "Small",
    "GroundImpactFxName": "GrassAC",
    "WaterImpactFxName": "WaterAC",
    "HitFxName": "HitAC",
    "ExplodeFxName": "ExplosionAC",
    "PenetrateFxName": "PenetrateAC"
  },
  {
    "Name": "Rocket",
    "BulletType": "Aicraft",

    "TracerColor": [144, 255, 83],
    "TracerSize": 0.15,
    "TracerLength": 1,

    "TimeToLive": 60,
    "Gravity": 5,
    "IsThick": true,
    "BulletDiameter": 2.5,

    "ImpactDamage": 12,
    "ImpactPenetration": 45,
    "ImpactForce": 23,
    "IsFriendlyFireEnabled": true,

    "ExplodeOnImpact": false,
    "ExplodeOnTimeout": false,
    "BlastRadius": 0.0,
    "SplashPenetration": 0,
    "SplashDamage": 5,

    "CraterSize": "Small",
    "GroundImpactFxName": "GrassAC",
    "WaterImpactFxName": "WaterAC",
    "HitFxName": "HitAC",
    "ExplodeFxName": "ExplosionAC",
    "PenetrateFxName": "PenetrateAC"
  }
]
