{
  "Name": "F16A",
  "AllowedStores": [
    {
      "Store": "AIM9J",
      "MaxCountPerStation": {
        "1": 1,
        "2": 1,
        "8": 1,
        "9": 1
      },
    "LauncherModelPaths": {}
    },
    {
      "Store": "AIM9P5",
      "MaxCountPerStation": {
        "1": 1,
        "2": 1,
        "8": 1,
        "9": 1
      },
    "LauncherModelPaths": {}
    },
    {
      "Store": "AIM9L",
      "MaxCountPerStation": {
        "1": 1,
        "2": 1,
        "8": 1,
        "9": 1
      },
    "LauncherModelPaths": {}
    },
    {
      "Store": "AIM7E",
      "MaxCountPerStation": {
        "3": 1,
        "7": 1
      },
    "LauncherModelPaths": {}
    },
    {
      "Store": "AIM7F",
      "MaxCountPerStation": {
        "3": 1,
        "7": 1
      },
    "LauncherModelPaths": {}
    },
	{
      "Store": "Mk82",
      "MaxCountPerStation": {
        "3": 6,
        "4": 3,
        "6": 3,
        "7": 6
      },
      "LauncherModelPaths": {
        "2": "Launchers/BombTER",
        "3": "Launchers/BombTER",
        "4": "Launchers/BombMER5",
        "5": "Launchers/BombMER5",
        "6": "Launchers/BombMER6"
      }
    },
	{
      "Store": "Mk82SE",
      "MaxCountPerStation": {
        "3": 6,
        "4": 3,
        "6": 3,
        "7": 6
      },
      "LauncherModelPaths": {
        "2": "Launchers/BombTER",
        "3": "Launchers/BombTER",
        "4": "Launchers/BombMER5",
        "5": "Launchers/BombMER5",
        "6": "Launchers/BombMER6"
      }
    },
	{
      "Store": "Mk82AIR",
      "MaxCountPerStation": {
        "3": 6,
        "4": 3,
        "6": 3,
        "7": 6
      },
      "LauncherModelPaths": {
        "2": "Launchers/BombTER",
        "3": "Launchers/BombTER",
        "4": "Launchers/BombMER5",
        "5": "Launchers/BombMER5",
        "6": "Launchers/BombMER6"
      }
    },
	{
      "Store": "Mk82AB",
      "MaxCountPerStation": {
        "3": 6,
        "4": 3,
        "6": 3,
        "7": 6
      },
      "LauncherModelPaths": {
        "2": "Launchers/BombTER",
        "3": "Launchers/BombTER",
        "4": "Launchers/BombMER5",
        "5": "Launchers/BombMER5",
        "6": "Launchers/BombMER6"
      }
    },
	{
      "Store": "Mk83",
      "MaxCountPerStation": {
        "3": 6,
        "4": 3,
        "6": 3,
        "7": 6
      },
      "LauncherModelPaths": {
        "2": "Launchers/BombTER",
        "3": "Launchers/BombTER",
        "4": "Launchers/BombMER5",
        "5": "Launchers/BombMER5",
        "6": "Launchers/BombMER6"
      }
    },
	{
      "Store": "Mk83SE",
      "MaxCountPerStation": {
        "3": 6,
        "4": 3,
        "6": 3,
        "7": 6
      },
      "LauncherModelPaths": {
        "2": "Launchers/BombTER",
        "3": "Launchers/BombTER",
        "4": "Launchers/BombMER5",
        "5": "Launchers/BombMER5",
        "6": "Launchers/BombMER6"
      }
    },
	{
      "Store": "Mk84",
      "MaxCountPerStation": {
        "3": 6,
        "4": 3,
        "6": 3,
        "7": 6
      },
      "LauncherModelPaths": {
        "2": "Launchers/BombTER",
        "3": "Launchers/BombTER",
        "4": "Launchers/BombMER5",
        "5": "Launchers/BombMER5",
        "6": "Launchers/BombMER6"
      }
    },
	{
      "Store": "Mk20",
      "MaxCountPerStation": {
        "3": 6,
        "4": 3,
        "6": 3,
        "7": 6
      },
      "LauncherModelPaths": {
        "2": "Launchers/BombTER",
        "3": "Launchers/BombTER",
        "4": "Launchers/BombMER5",
        "5": "Launchers/BombMER5",
        "6": "Launchers/BombMER6"
      }
    },
	{
      "Store": "CBU87",
      "MaxCountPerStation": {
        "3": 6,
        "4": 3,
        "6": 3,
        "7": 6
      },
      "LauncherModelPaths": {
        "2": "Launchers/BombTER",
        "3": "Launchers/BombTER",
        "4": "Launchers/BombMER5",
        "5": "Launchers/BombMER5",
        "6": "Launchers/BombMER6"
      }
    },
	{
      "Store": "GBU8",
      "MaxCountPerStation": {
        "3": 1,
        "4": 1,
        "6": 1,
        "7": 1
      },
      "LauncherModelPaths": {}
    },
	{
      "Store": "AGM65B",
      "MaxCountPerStation": {
        "3": 3,
        "7": 3
      },
      "LauncherModelPaths": {
        "2": "Launchers/AGM65LauncherX3",
        "3": "Launchers/AGM65LauncherX3"}
    },
	{
      "Store": "AGM65D",
      "MaxCountPerStation": {
        "3": 3,
		"4": 1,
		"6": 1,
        "7": 3
      },
      "LauncherModelPaths": {
        "2": "Launchers/AGM65LauncherX3",
        "3": "Launchers/AGM65LauncherX3"}
    },
	{
      "Store": "AGM65D2",
      "MaxCountPerStation": {
        "3": 3,
		"4": 1,
		"6": 1,
        "7": 3
      },
      "LauncherModelPaths": {
        "2": "Launchers/AGM65LauncherX3",
        "3": "Launchers/AGM65LauncherX3"}
    },
    {
      "Store": "F-16A370Gal",
      "MaxCountPerStation": {
        "4": 1,
        "6": 1
      },
      "LauncherModelPaths": {}
    },
    {
      "Store": "F-16A300Gal",
      "MaxCountPerStation": {
        "5": 1
      },
      "LauncherModelPaths": {}
    }
  ],
  "Loadouts": [
    {
      "Name": "Clean",
      "NormalizedFuel": 1.0,
      "Stores": []
    },
    {
      "Name": "Demo",
      "NormalizedFuel": 0.5,
      "Stores": []
    },
    {
      "Name": "Dogfight",
      "NormalizedFuel": 1.0,
      "Stores": [
        {
          "Station": 1,
          "Name": "AIM9L",
          "Count": 1
        },
        {
          "Station": 2,
          "Name": "AIM9L",
          "Count": 1
        },
        {
          "Station": 8,
          "Name": "AIM9L",
          "Count": 1
        },
        {
          "Station": 9,
          "Name": "AIM9L",
          "Count": 1
        }
      ]
    },
    {
      "Name": "ACM 4x9L 1.0FC",
      "NormalizedFuel": 1.0,
      "Stores": [
        {
          "Station": 1,
          "Name": "AIM9L",
          "Count": 1
        },
        {
          "Station": 2,
          "Name": "AIM9L",
          "Count": 1
        },
        {
          "Station": 5,
          "Name": "F-16A300Gal",
          "Count": 1
        },
        {
          "Station": 8,
          "Name": "AIM9L",
          "Count": 1
        },
        {
          "Station": 9,
          "Name": "AIM9L",
          "Count": 1
        }
      ]
    },
    {
      "Name": "AirSuperiority",
      "NormalizedFuel": 1.0,
      "Stores": [
        {
          "Station": 1,
          "Name": "AIM9L",
          "Count": 1
        },
        {
          "Station": 2,
          "Name": "AIM9L",
          "Count": 1
        },
        {
          "Station": 3,
          "Name": "AIM7F",
          "Count": 1
        },
        {
          "Station": 7,
          "Name": "AIM7F",
          "Count": 1
        },
        {
          "Station": 8,
          "Name": "AIM9L",
          "Count": 1
        },
        {
          "Station": 9,
          "Name": "AIM9L",
          "Count": 1
        }
      ]
    },
    {
      "Name": "ACM 2x7F 4x9L 1.0F2W",
      "NormalizedFuel": 1.0,
      "Stores": [
        {
          "Station": 1,
          "Name": "AIM9L",
          "Count": 1
        },
        {
          "Station": 2,
          "Name": "AIM9L",
          "Count": 1
        },
        {
          "Station": 3,
          "Name": "AIM7F",
          "Count": 1
        },
        {
          "Station": 4,
          "Name": "F-16A370Gal",
          "Count": 1
        },
        {
          "Station": 6,
          "Name": "F-16A370Gal",
          "Count": 1
        },
        {
          "Station": 7,
          "Name": "AIM7F",
          "Count": 1
        },
        {
          "Station": 8,
          "Name": "AIM9L",
          "Count": 1
        },
        {
          "Station": 9,
          "Name": "AIM9L",
          "Count": 1
        }
      ]
    },
    {
      "Name": "Strike",
      "NormalizedFuel": 1.0,
      "Stores": [
        {
          "Station": 1,
          "Name": "AIM9L",
          "Count": 1
        },
        {
          "Station": 2,
          "Name": "AIM9L",
          "Count": 1
        },
        {
          "Station": 3,
          "Name": "AGM65B",
          "Count": 1
        },
        {
          "Station": 4,
          "Name": "Mk82",
          "Count": 3
        },
        {
          "Station": 5,
          "Name": "F-16A300Gal",
          "Count": 1
        },
        {
          "Station": 6,
          "Name": "Mk82",
          "Count": 3
        },
        {
          "Station": 7,
          "Name": "AGM65B",
          "Count": 1
        },
        {
          "Station": 8,
          "Name": "AIM9L",
          "Count": 1
        },
        {
          "Station": 9,
          "Name": "AIM9L",
          "Count": 1
        }
      ]
    },
	{
      "Name": "A2GS 4x9L 2x84 1.0F2W",
      "NormalizedFuel": 1.0,
      "Stores": [
        {
          "Station": 1,
          "Name": "AIM9L",
          "Count": 1
        },
        {
          "Station": 2,
          "Name": "AIM9L",
          "Count": 1
        },
        {
          "Station": 3,
          "Name": "Mk84",
          "Count": 1
        },
        {
          "Station": 4,
          "Name": "F-16A370Gal",
          "Count": 1
        },
        {
          "Station": 6,
          "Name": "F-16A370Gal",
          "Count": 1
        },
        {
          "Station": 7,
          "Name": "Mk84",
          "Count": 1
        },
        {
          "Station": 8,
          "Name": "AIM9L",
          "Count": 1
        },
        {
          "Station": 9,
          "Name": "AIM9L",
          "Count": 1
        }
      ]
    },
	{
      "Name": "A2GS 4x9L 3x82 3x82AB 1.0F2W",
      "NormalizedFuel": 1.0,
      "Stores": [
        {
          "Station": 1,
          "Name": "AIM9L",
          "Count": 1
        },
        {
          "Station": 2,
          "Name": "AIM9L",
          "Count": 1
        },
        {
          "Station": 3,
          "Name": "Mk82AB",
          "Count": 3
        },
        {
          "Station": 4,
          "Name": "F-16A370Gal",
          "Count": 1
        },
        {
          "Station": 6,
          "Name": "F-16A370Gal",
          "Count": 1
        },
        {
          "Station": 7,
          "Name": "Mk82",
          "Count": 3
        },
        {
          "Station": 8,
          "Name": "AIM9L",
          "Count": 1
        },
        {
          "Station": 9,
          "Name": "AIM9L",
          "Count": 1
        }
      ]
    },
    {
      "Name": "A2GI 4x9L 6x65D2 1.0F",
      "NormalizedFuel": 1.0,
      "Stores": [
        {
          "Station": 1,
          "Name": "AIM9L",
          "Count": 1
        },
        {
          "Station": 2,
          "Name": "AIM9L",
          "Count": 1
        },
        {
          "Station": 3,
          "Name": "AGM65D2",
          "Count": 3
        },
        {
          "Station": 7,
          "Name": "AGM65D2",
          "Count": 3
        },
        {
          "Station": 8,
          "Name": "AIM9L",
          "Count": 1
        },
        {
          "Station": 9,
          "Name": "AIM9L",
          "Count": 1
        }
      ]
    },
    {
      "Name": "A2GI 4x9L 6x65D2 6x87 1.0F",
      "NormalizedFuel": 1.0,
      "Stores": [
        {
          "Station": 1,
          "Name": "AIM9L",
          "Count": 1
        },
        {
          "Station": 2,
          "Name": "AIM9L",
          "Count": 1
        },
        {
          "Station": 3,
          "Name": "AGM65D2",
          "Count": 3
        },
        {
          "Station": 4,
          "Name": "CBU87",
          "Count": 3
        },
        {
          "Station": 6,
          "Name": "CBU87",
          "Count": 3
        },
        {
          "Station": 7,
          "Name": "AGM65D2",
          "Count": 3
        },
        {
          "Station": 8,
          "Name": "AIM9L",
          "Count": 1
        },
        {
          "Station": 9,
          "Name": "AIM9L",
          "Count": 1
        }
      ]
    },
	{
      "Name": "A2GI 4x9L 6x87 2x65D2 1.0FC",
      "NormalizedFuel": 1.0,
      "Stores": [
        {
          "Station": 1,
          "Name": "AIM9L",
          "Count": 1
        },
        {
          "Station": 2,
          "Name": "AIM9L",
          "Count": 1
        },
        {
          "Station": 3,
          "Name": "CBU87",
          "Count": 3
        },
        {
          "Station": 4,
          "Name": "AGM65D2",
          "Count": 1
        },
        {
          "Station": 5,
          "Name": "F-16A300Gal",
          "Count": 1
        },
        {
          "Station": 6,
          "Name": "AGM65D2",
          "Count": 1
        },
        {
          "Station": 7,
          "Name": "CBU87",
          "Count": 3
        },
        {
          "Station": 8,
          "Name": "AIM9L",
          "Count": 1
        },
        {
          "Station": 9,
          "Name": "AIM9L",
          "Count": 1
        }
      ]
    },
    {
      "Name": "A2GT 4x9L 3x82 3x82AB 3x82AIR 3x82AIR 1.0FC",
      "NormalizedFuel": 1.0,
      "Stores": [
        {
          "Station": 1,
          "Name": "AIM9L",
          "Count": 1
        },
        {
          "Station": 2,
          "Name": "AIM9L",
          "Count": 1
        },
        {
          "Station": 3,
          "Name": "Mk82SE",
          "Count": 3
        },
        {
          "Station": 4,
          "Name": "Mk82AB",
          "Count": 3
        },
        {
          "Station": 5,
          "Name": "F-16A300Gal",
          "Count": 1
        },
        {
          "Station": 6,
          "Name": "Mk82",
          "Count": 3
        },
        {
          "Station": 7,
          "Name": "Mk82AIR",
          "Count": 3
        },
        {
          "Station": 8,
          "Name": "AIM9L",
          "Count": 1
        },
        {
          "Station": 9,
          "Name": "AIM9L",
          "Count": 1
        }
      ]
    },
    {
      "Name": "Endurance",
      "NormalizedFuel": 1.0,
      "Stores": [
        {
          "Station": 4,
          "Name": "F-16A370Gal",
          "Count": 1
        },
        {
          "Station": 6,
          "Name": "F-16A370Gal",
          "Count": 1
        },
      ]
    }
  ]
}