{
  "Name": "F16C",
  "AllowedStores": [
    {
      "Store": "AIM9J",
      "MaxCountPerStation": {
        "1": 1,
        "2": 1,
        "8": 1,
        "9": 1
      },
    "LauncherModelPaths": {}
    },
    {
      "Store": "AIM9P5",
      "MaxCountPerStation": {
        "1": 1,
        "2": 1,
        "8": 1,
        "9": 1
      },
    "LauncherModelPaths": {}
    },
    {
      "Store": "AIM9L",
      "MaxCountPerStation": {
        "1": 1,
        "2": 1,
        "8": 1,
        "9": 1
      },
    "LauncherModelPaths": {}
    },
    {
      "Store": "AIM9M",
      "MaxCountPerStation": {
        "1": 1,
        "2": 1,
        "8": 1,
        "9": 1
      },
    "LauncherModelPaths": {}
    },
    {
      "Store": "AIM9M8",
      "MaxCountPerStation": {
        "1": 1,
        "2": 1,
        "8": 1,
        "9": 1
      },
    "LauncherModelPaths": {}
    },
    {
      "Store": "AIM7F",
      "MaxCountPerStation": {
        "3": 1,
        "7": 1
      },
    "LauncherModelPaths": {}
    },
    {
      "Store": "AIM7M",
      "MaxCountPerStation": {
        "3": 1,
        "7": 1
      },
    "LauncherModelPaths": {}
    },
    {
      "Store": "AIM120A",
      "MaxCountPerStation": {
        "1": 1,
        "2": 1,
        "3": 1,
        "7": 1,
        "8": 1,
        "9": 1
      },
    "LauncherModelPaths": {}
    },
    {
      "Store": "AIM120B",
      "MaxCountPerStation": {
        "1": 1,
        "2": 1,
        "3": 1,
        "7": 1,
        "8": 1,
        "9": 1
      },
    "LauncherModelPaths": {}
    },
	{
      "Store": "Mk82",
      "MaxCountPerStation": {
        "3": 3,
        "4": 3,
        "6": 3,
        "7": 3
      },
      "LauncherModelPaths": {
        "2": "Launchers/BombTER",
        "3": "Launchers/BombTER",
        "4": "Launchers/BombMER5",
        "5": "Launchers/BombMER5",
        "6": "Launchers/BombMER6"
      }
    },
	{
      "Store": "Mk82AIR",
      "MaxCountPerStation": {
        "3": 3,
        "4": 3,
        "6": 3,
        "7": 3
      },
      "LauncherModelPaths": {
        "2": "Launchers/BombTER",
        "3": "Launchers/BombTER",
        "4": "Launchers/BombMER5",
        "5": "Launchers/BombMER5",
        "6": "Launchers/BombMER6"
      }
    },
	{
      "Store": "Mk82AB",
      "MaxCountPerStation": {
        "3": 3,
        "4": 3,
        "6": 3,
        "7": 3
      },
      "LauncherModelPaths": {
        "2": "Launchers/BombTER",
        "3": "Launchers/BombTER",
        "4": "Launchers/BombMER5",
        "5": "Launchers/BombMER5",
        "6": "Launchers/BombMER6"
      }
    },
	{
      "Store": "Mk83",
      "MaxCountPerStation": {
        "3": 2,
        "4": 2,
        "6": 2,
        "7": 2
      },
      "LauncherModelPaths": {
        "2": "Launchers/BombTER",
        "3": "Launchers/BombTER",
        "4": "Launchers/BombMER5",
        "5": "Launchers/BombMER5",
        "6": "Launchers/BombMER6"
      }
    },
	{
      "Store": "Mk83SE",
      "MaxCountPerStation": {
        "3": 2,
        "4": 2,
        "6": 2,
        "7": 2
      },
      "LauncherModelPaths": {
        "2": "Launchers/BombTER",
        "3": "Launchers/BombTER",
        "4": "Launchers/BombMER5",
        "5": "Launchers/BombMER5",
        "6": "Launchers/BombMER6"
      }
    },
	{
      "Store": "Mk84",
      "MaxCountPerStation": {
        "3": 1,
        "4": 1,
        "6": 1,
        "7": 1
      },
      "LauncherModelPaths": {
        "2": "Launchers/BombTER",
        "3": "Launchers/BombTER",
        "4": "Launchers/BombMER5",
        "5": "Launchers/BombMER5",
        "6": "Launchers/BombMER6"
      }
    },
	{
      "Store": "Mk20",
      "MaxCountPerStation": {
        "3": 3,
        "4": 3,
        "6": 3,
        "7": 3
      },
      "LauncherModelPaths": {
        "2": "Launchers/BombTER",
        "3": "Launchers/BombTER",
        "4": "Launchers/BombMER5",
        "5": "Launchers/BombMER5",
        "6": "Launchers/BombMER6"
      }
    },
	{
      "Store": "CBU87",
      "MaxCountPerStation": {
        "3": 6,
        "4": 3,
        "6": 3,
        "7": 6
      },
      "LauncherModelPaths": {
        "2": "Launchers/BombTER",
        "3": "Launchers/BombTER",
        "4": "Launchers/BombMER5",
        "5": "Launchers/BombMER5",
        "6": "Launchers/BombMER6"
      }
    },
	{
      "Store": "CBU103",
      "MaxCountPerStation": {
        "3": 6,
        "4": 3,
        "6": 3,
        "7": 6
      },
      "LauncherModelPaths": {
        "2": "Launchers/BombTER",
        "3": "Launchers/BombTER",
        "4": "Launchers/BombMER5",
        "5": "Launchers/BombMER5",
        "6": "Launchers/BombMER6"
      }
    },
	{
      "Store": "GBU16",
      "MaxCountPerStation": {
        "3": 1,
        "4": 1,
        "6": 1,
        "7": 1
      },
      "LauncherModelPaths": {}
    },
	{
      "Store": "GBU10D",
      "MaxCountPerStation": {
        "3": 1,
        "4": 1,
        "6": 1,
        "7": 1
      },
      "LauncherModelPaths": {}
    },
	{
      "Store": "GBU10G",
      "MaxCountPerStation": {
        "3": 1,
        "4": 1,
        "6": 1,
        "7": 1
      },
      "LauncherModelPaths": {}
    },
	{
      "Store": "GBU15V22",
      "MaxCountPerStation": {
        "3": 1,
        "4": 1,
        "6": 1,
        "7": 1
      },
      "LauncherModelPaths": {}
    },
	{
      "Store": "GBU24",
      "MaxCountPerStation": {
        "3": 1,
        "4": 1,
        "6": 1,
        "7": 1
      },
      "LauncherModelPaths": {}
    },
	{
      "Store": "GBU24A",
      "MaxCountPerStation": {
        "3": 1,
        "4": 1,
        "6": 1,
        "7": 1
      },
      "LauncherModelPaths": {}
    },
	{
      "Store": "GBU12D",
      "MaxCountPerStation": {
        "3": 3,
		"4": 3,
		"6": 3,
        "7": 3
      },
      "LauncherModelPaths": {
        "2": "Launchers/BombTER",
        "3": "Launchers/BombTER"}
    },
	{
      "Store": "GBU22",
      "MaxCountPerStation": {
        "3": 3,
		"4": 3,
		"6": 3,
        "7": 3
      },
      "LauncherModelPaths": {
        "2": "Launchers/BombTER",
        "3": "Launchers/BombTER"}
    },
	{
      "Store": "AGM65D",
      "MaxCountPerStation": {
        "3": 3,
		"4": 1,
		"6": 1,
        "7": 3
      },
      "LauncherModelPaths": {
        "2": "Launchers/AGM65LauncherX3",
        "3": "Launchers/AGM65LauncherX3"}
    },
	{
      "Store": "AGM65D2",
      "MaxCountPerStation": {
        "3": 3,
		"4": 1,
		"6": 1,
        "7": 3
      },
      "LauncherModelPaths": {
        "2": "Launchers/AGM65LauncherX3",
        "3": "Launchers/AGM65LauncherX3"}
    },
	{
      "Store": "AGM65E",
      "MaxCountPerStation": {
        "3": 3,
		"4": 1,
		"6": 1,
        "7": 3
      },
      "LauncherModelPaths": {
        "2": "Launchers/AGM65LauncherX3",
        "3": "Launchers/AGM65LauncherX3"}
    },
	{
      "Store": "AGM65F",
      "MaxCountPerStation": {
        "3": 3,
		"4": 1,
		"6": 1,
        "7": 3
      },
      "LauncherModelPaths": {
        "2": "Launchers/AGM65LauncherX3",
        "3": "Launchers/AGM65LauncherX3"}
    },
	{
      "Store": "AGM65GII",
      "MaxCountPerStation": {
        "3": 3,
		"4": 1,
		"6": 1,
        "7": 3
      },
      "LauncherModelPaths": {
        "2": "Launchers/AGM65LauncherX3",
        "3": "Launchers/AGM65LauncherX3"}
    },
	{
      "Store": "AGM65H",
      "MaxCountPerStation": {
        "3": 3,
		"4": 1,
		"6": 1,
        "7": 3
      },
      "LauncherModelPaths": {
        "2": "Launchers/AGM65LauncherX3",
        "3": "Launchers/AGM65LauncherX3"}
    },
	{
      "Store": "AGM65K",
      "MaxCountPerStation": {
        "3": 3,
		"4": 1,
		"6": 1,
        "7": 3
      },
      "LauncherModelPaths": {
        "2": "Launchers/AGM65LauncherX3",
        "3": "Launchers/AGM65LauncherX3"}
    },
    {
      "Store": "F-16A370Gal",
      "MaxCountPerStation": {
        "4": 1,
        "6": 1
      },
      "LauncherModelPaths": {}
    },
    {
      "Store": "F-16A300Gal",
      "MaxCountPerStation": {
        "5": 1
      },
      "LauncherModelPaths": {}
    },
{
      "Store": "AAQ-13",
      "MaxCountPerStation": {
        "11": 1
      },
      "LauncherModelPaths": {}
    },
{
      "Store": "AAQ-14",
      "MaxCountPerStation": {
        "10": 1
      },
      "LauncherModelPaths": {}
    }
  ],
  "Loadouts": [
    {
      "Name": "Clean",
      "NormalizedFuel": 1.0,
      "Stores": []
    },
    {
      "Name": "Demo",
      "NormalizedFuel": 0.5,
      "Stores": []
    },
    {
      "Name": "Dogfight",
      "NormalizedFuel": 1.0,
      "Stores": [
        {
          "Station": 1,
          "Name": "AIM9L",
          "Count": 1
        },
        {
          "Station": 2,
          "Name": "AIM9L",
          "Count": 1
        },
        {
          "Station": 8,
          "Name": "AIM9L",
          "Count": 1
        },
        {
          "Station": 9,
          "Name": "AIM9L",
          "Count": 1
        }
      ]
    },
    {
      "Name": "ACM 4x9M8 0.5F",
      "NormalizedFuel": 0.5,
      "Stores": [
        {
          "Station": 1,
          "Name": "AIM9M8",
          "Count": 1
        },
        {
          "Station": 2,
          "Name": "AIM9M8",
          "Count": 1
        },
        {
          "Station": 8,
          "Name": "AIM9M8",
          "Count": 1
        },
        {
          "Station": 9,
          "Name": "AIM9M8",
          "Count": 1
        }
      ]
    },
    {
      "Name": "Air Superiority",
      "NormalizedFuel": 1.0,
      "Stores": [
        {
          "Station": 1,
          "Name": "AIM120B",
          "Count": 1
        },
        {
          "Station": 2,
          "Name": "AIM9L",
          "Count": 1
        },
        {
          "Station": 3,
          "Name": "AIM120B",
          "Count": 1
        },
        {
          "Station": 5,
          "Name": "F-16A300Gal",
          "Count": 1
        },
        {
          "Station": 7,
          "Name": "AIM120B",
          "Count": 1
        },
        {
          "Station": 8,
          "Name": "AIM9L",
          "Count": 1
        },
        {
          "Station": 9,
          "Name": "AIM120B",
          "Count": 1
        }
      ]
    },
    {
      "Name": "ACM 4x120B 2x9M 0.5F",
      "NormalizedFuel": 1.0,
      "Stores": [
        {
          "Station": 1,
          "Name": "AIM120B",
          "Count": 1
        },
        {
          "Station": 2,
          "Name": "AIM120B",
          "Count": 1
        },
        {
          "Station": 3,
          "Name": "AIM9M",
          "Count": 1
        },
        {
          "Station": 7,
          "Name": "AIM9M",
          "Count": 1
        },
        {
          "Station": 8,
          "Name": "AIM120B",
          "Count": 1
        },
        {
          "Station": 9,
          "Name": "AIM120B",
          "Count": 1
        }
      ]
    },
    {
      "Name": "Strike",
      "NormalizedFuel": 1.0,
      "Stores": [
        {
          "Station": 1,
          "Name": "AIM120B",
          "Count": 1
        },
        {
          "Station": 2,
          "Name": "AIM9M8",
          "Count": 1
        },
        {
          "Station": 3,
          "Name": "AGM65D2",
          "Count": 1
        },
        {
          "Station": 4,
          "Name": "GBU22",
          "Count": 3
        },
        {
          "Station": 5,
          "Name": "F-16A300Gal",
          "Count": 1
        },
        {
          "Station": 6,
          "Name": "GBU22",
          "Count": 3
        },
        {
          "Station": 7,
          "Name": "AGM65D2",
          "Count": 1
        },
        {
          "Station": 8,
          "Name": "AIM9M8",
          "Count": 1
        },
        {
          "Station": 9,
          "Name": "AIM120B",
          "Count": 1
        }
      ]
    },
    {
      "Name": "A2GS 4x9M8 6x82AIR 1.0F2W",
      "NormalizedFuel": 1.0,
      "Stores": [
        {
          "Station": 1,
          "Name": "AIM9M8",
          "Count": 1
        },
        {
          "Station": 2,
          "Name": "AIM9M8",
          "Count": 1
        },
        {
          "Station": 3,
          "Name": "Mk82AIR",
          "Count": 3
        },
        {
          "Station": 4,
          "Name": "F-16A370Gal",
          "Count": 1
        },
        {
          "Station": 6,
          "Name": "F-16A370Gal",
          "Count": 1
        },
        {
          "Station": 7,
          "Name": "Mk82AIR",
          "Count": 3
        },
        {
          "Station": 8,
          "Name": "AIM9M8",
          "Count": 1
        },
        {
          "Station": 9,
          "Name": "AIM9M8",
          "Count": 1
        }
      ]
    },
    {
      "Name": "A2GS 4x9M8 3x82/AB 1.0F2W",
      "NormalizedFuel": 1.0,
      "Stores": [
        {
          "Station": 1,
          "Name": "AIM9M8",
          "Count": 1
        },
        {
          "Station": 2,
          "Name": "AIM9M8",
          "Count": 1
        },
        {
          "Station": 3,
          "Name": "Mk82",
          "Count": 3
        },
        {
          "Station": 4,
          "Name": "F-16A370Gal",
          "Count": 1
        },
        {
          "Station": 6,
          "Name": "F-16A370Gal",
          "Count": 1
        },
        {
          "Station": 7,
          "Name": "Mk82AB",
          "Count": 3
        },
        {
          "Station": 8,
          "Name": "AIM9M8",
          "Count": 1
        },
        {
          "Station": 9,
          "Name": "AIM9M8",
          "Count": 1
        }
      ]
    },
    {
      "Name": "A2GC 3x120B 1x9M8 1xG12D 1x65E 1.0F2W",
      "NormalizedFuel": 1.0,
      "Stores": [
        {
          "Station": 1,
          "Name": "AIM120B",
          "Count": 1
        },
        {
          "Station": 2,
          "Name": "AIM120B",
          "Count": 1
        },
        {
          "Station": 3,
          "Name": "GBU12D",
          "Count": 1
        },
        {
          "Station": 4,
          "Name": "F-16A370Gal",
          "Count": 1
        },
        {
          "Station": 6,
          "Name": "F-16A370Gal",
          "Count": 1
        },
        {
          "Station": 7,
          "Name": "AGM65E",
          "Count": 1
        },
        {
          "Station": 8,
          "Name": "AIM9M8",
          "Count": 1
        },
        {
          "Station": 9,
          "Name": "AIM120B",
          "Count": 1
        }
      ]
    },
    {
      "Name": "A2GI 3x120B 1x9M8 6x65D2 1.0F2WC",
      "NormalizedFuel": 1.0,
      "Stores": [
        {
          "Station": 1,
          "Name": "AIM120B",
          "Count": 1
        },
        {
          "Station": 2,
          "Name": "AIM120B",
          "Count": 1
        },
        {
          "Station": 3,
          "Name": "AGM65D2",
          "Count": 2
        },
        {
          "Station": 4,
          "Name": "F-16A370Gal",
          "Count": 1
        },
        {
          "Station": 6,
          "Name": "F-16A370Gal",
          "Count": 1
        },
        {
          "Station": 7,
          "Name": "AGM65D2",
          "Count": 2
        },
        {
          "Station": 8,
          "Name": "AIM9M8",
          "Count": 1
        },
        {
          "Station": 9,
          "Name": "AIM120B",
          "Count": 1
        }
      ]
    },
    {
      "Name": "A2GS 3x120B 1x9M8 3x65H/K 1.0F2WC",
      "NormalizedFuel": 1.0,
      "Stores": [
        {
          "Station": 1,
          "Name": "AIM120B",
          "Count": 1
        },
        {
          "Station": 2,
          "Name": "AIM120B",
          "Count": 1
        },
        {
          "Station": 3,
          "Name": "AGM65H",
          "Count": 2
        },
        {
          "Station": 4,
          "Name": "F-16A370Gal",
          "Count": 1
        },
        {
          "Station": 6,
          "Name": "F-16A370Gal",
          "Count": 1
        },
        {
          "Station": 7,
          "Name": "AGM65K",
          "Count": 2
        },
        {
          "Station": 8,
          "Name": "AIM9M8",
          "Count": 1
        },
        {
          "Station": 9,
          "Name": "AIM120B",
          "Count": 1
        }
      ]
    },
    {
      "Name": "A2GI 3x120B 1x9M8 6x65D 3x82/AB 1.0FC",
      "NormalizedFuel": 1.0,
      "Stores": [
        {
          "Station": 1,
          "Name": "AIM120B",
          "Count": 1
        },
        {
          "Station": 2,
          "Name": "AIM120B",
          "Count": 1
        },
        {
          "Station": 3,
          "Name": "AGM65D",
          "Count": 3
        },
        {
          "Station": 4,
          "Name": "Mk82AB",
          "Count": 3
        },
        {
          "Station": 5,
          "Name": "F-16A300Gal",
          "Count": 1
        },
        {
          "Station": 6,
          "Name": "Mk82",
          "Count": 3
        },
        {
          "Station": 7,
          "Name": "AGM65D",
          "Count": 3
        },
        {
          "Station": 8,
          "Name": "AIM9M8",
          "Count": 1
        },
        {
          "Station": 9,
          "Name": "AIM120B",
          "Count": 1
        }
      ]
    },
    {
      "Name": "A2GI 3x120B 1x9M8 6x65D2 4xG12B 1.0FC",
      "NormalizedFuel": 1.0,
      "Stores": [
        {
          "Station": 1,
          "Name": "AIM120B",
          "Count": 1
        },
        {
          "Station": 2,
          "Name": "AIM120B",
          "Count": 1
        },
        {
          "Station": 3,
          "Name": "AGM65D2",
          "Count": 3
        },
        {
          "Station": 4,
          "Name": "GBU12D",
          "Count": 2
        },
        {
          "Station": 5,
          "Name": "F-16A300Gal",
          "Count": 1
        },
        {
          "Station": 6,
          "Name": "GBU12D",
          "Count": 2
        },
        {
          "Station": 7,
          "Name": "AGM65D2",
          "Count": 3
        },
        {
          "Station": 8,
          "Name": "AIM9M8",
          "Count": 1
        },
        {
          "Station": 9,
          "Name": "AIM120B",
          "Count": 1
        }
      ]
    },
    {
      "Name": "A2GS 3x120B 1x9M8 2xG10G 1.0F2WC",
      "NormalizedFuel": 1.0,
      "Stores": [
        {
          "Station": 1,
          "Name": "AIM120B",
          "Count": 1
        },
        {
          "Station": 2,
          "Name": "AIM120B",
          "Count": 1
        },
        {
          "Station": 3,
          "Name": "GBU10G",
          "Count": 1
        },
        {
          "Station": 4,
          "Name": "F-16A370Gal",
          "Count": 1
        },
        {
          "Station": 10,
          "Name": "AAQ-14",
          "Count": 1
        },        {
          "Station": 11,
          "Name": "AAQ-13",
          "Count": 1
        },
        {
          "Station": 6,
          "Name": "F-16A370Gal",
          "Count": 1
        },
        {
          "Station": 7,
          "Name": "GBU10G",
          "Count": 1
        },
        {
          "Station": 8,
          "Name": "AIM9M8",
          "Count": 1
        },
        {
          "Station": 9,
          "Name": "AIM120B",
          "Count": 1
        }
      ]
    },
    {
      "Name": "A2GS 3x120B 1x9M8 2xG24A 1.0F2WC",
      "NormalizedFuel": 1.0,
      "Stores": [
        {
          "Station": 1,
          "Name": "AIM120B",
          "Count": 1
        },
        {
          "Station": 2,
          "Name": "AIM120B",
          "Count": 1
        },
        {
          "Station": 3,
          "Name": "GBU24A",
          "Count": 1
        },
        {
          "Station": 4,
          "Name": "F-16A370Gal",
          "Count": 1
        },
        {
          "Station": 6,
          "Name": "F-16A370Gal",
          "Count": 1
        },
        {
          "Station": 7,
          "Name": "GBU24A",
          "Count": 1
        },
        {
          "Station": 8,
          "Name": "AIM9M8",
          "Count": 1
        },
        {
          "Station": 9,
          "Name": "AIM120B",
          "Count": 1
        }
      ]
    },
    {
      "Name": "Endurance",
      "NormalizedFuel": 1.0,
      "Stores": [
        {
          "Station": 1,
          "Name": "AIM9M8",
          "Count": 1
        },	  
        {
          "Station": 4,
          "Name": "F-16A370Gal",
          "Count": 1
        },
        {
          "Station": 6,
          "Name": "F-16A370Gal",
          "Count": 1
        },
        {
          "Station": 9,
          "Name": "AIM9M8",
          "Count": 1
        }	
      ]
    },
    {
      "Name": "HIST CAS AFGHANISTAN",
      "NormalizedFuel": 1.0,
      "Stores": [
        {
          "Station": 1,
          "Name": "AIM120B",
          "Count": 1
        },
        {
          "Station": 2,
          "Name": "AIM120B",
          "Count": 1
        },
        {
          "Station": 3,
          "Name": "AGM65E",
          "Count": 1
        },
        {
          "Station": 4,
          "Name": "F-16A370Gal",
          "Count": 1
        },
        {
          "Station": 6,
          "Name": "F-16A370Gal",
          "Count": 1
        },
        {
          "Station": 7,
          "Name": "GBU12D",
          "Count": 2
        },
        {
          "Station": 8,
          "Name": "AIM9M8",
          "Count": 1
        },
        {
          "Station": 9,
          "Name": "AIM120B",
          "Count": 1
        }
      ]
    },
    {
      "Name": "A2GI 2x120B 2x9M8 6x103 2x65D2 1.0FC",
      "NormalizedFuel": 1.0,
      "Stores": [
        {
          "Station": 1,
          "Name": "AIM120B",
          "Count": 1
        },
        {
          "Station": 2,
          "Name": "AIM9M8",
          "Count": 1
        },
        {
          "Station": 3,
          "Name": "CBU103",
          "Count": 2
        },
        {
          "Station": 4,
          "Name": "AGM65D2",
          "Count": 1
        },
        {
          "Station": 5,
          "Name": "F-16A300Gal",
          "Count": 3
        },
        {
          "Station": 6,
          "Name": "AGM65D2",
          "Count": 1
        },
        {
          "Station": 7,
          "Name": "CBU103",
          "Count": 2
        },
        {
          "Station": 8,
          "Name": "AIM9M8",
          "Count": 1
        },
        {
          "Station": 9,
          "Name": "AIM120B",
          "Count": 1
        }
      ]
    },
    {
      "Name": "HIST PACKAGE-Q",
      "NormalizedFuel": 1.0,
      "Stores": [
        {
          "Station": 1,
          "Name": "AIM9L",
          "Count": 1
        },
        {
          "Station": 2,
          "Name": "AIM9L",
          "Count": 1
        },
        {
          "Station": 3,
          "Name": "Mk84",
          "Count": 1
        },
        {
          "Station": 4,
          "Name": "F-16A370Gal",
          "Count": 1
        },
        {
          "Station": 6,
          "Name": "F-16A370Gal",
          "Count": 1
        },
        {
          "Station": 7,
          "Name": "Mk84",
          "Count": 1
        },
        {
          "Station": 8,
          "Name": "AIM9L",
          "Count": 1
        },
        {
          "Station": 9,
          "Name": "AIM9L",
          "Count": 1
        }
      ]
    },
    {
      "Name": "A-16",
      "NormalizedFuel": 1.0,
      "Stores": [
        {
          "Station": 1,
          "Name": "AIM9J",
          "Count": 1
        },
        {
          "Station": 2,
          "Name": "AIM9J",
          "Count": 1
        },
        {
          "Station": 3,
          "Name": "CBU87",
          "Count": 3
        },
        {
          "Station": 4,
          "Name": "AGM65D",
          "Count": 1
        },
        {
          "Station": 5,
          "Name": "F-16A300Gal",
          "Count": 1
        },
        {
          "Station": 6,
          "Name": "AGM65D",
          "Count": 1
        },
        {
          "Station": 7,
          "Name": "CBU87",
          "Count": 3
        },
        {
          "Station": 8,
          "Name": "AIM9J",
          "Count": 1
        },
        {
          "Station": 9,
          "Name": "AIM9J",
          "Count": 1
        }
      ]
    }
  ]
}