{
  "Name": "F16A",
  "DisplayName": "F-16A",
  "DotColors": [148, 177, 180],

  "ModelPath": "assets/mod/f-16a/f-16a.fbx",
  "AnimatorPath": "assets/mod/f-16a/f16aanimator.controller",
  "SpawnOffset": -1.7,
  "SpawnRotation": 0,

  "FlybyEventName": "event:/Engines/Flybys/J79Flybys",

  "DefaultTactics": {
    "CruiseSpeedKt": 350,
    "ROEPreset": "Fighter"
  },

  "Cockpit": {
    "CameraLocation": "CockpitCam",
    "PitchDownOffset": 6,
    "MaxPitchUp": 110,
    "MaxPitchDown": 35,
    "MaxYaw": 190,
    "ShoulderPeek": 0.15
  },
    "Avionics": {
    "MinDisplayedAirspeedMPS": 38.5
  },

  "Lights": [
    {
      "Name": "StrobeWhiteNav",
      "AttachTo": "LightCollTail",
      "Color": [255, 245, 235],
      "PixelSize": 1,
      "VisibleAngle": 360,
      "AnimationRatio": 0.2
    },
    {
      "Name": "SolidGreenNav",
      "AttachTo": "LightNavWingR",
      "Color": [35, 255, 80],
      "PixelSize": 1,
      "VisibleAngle": 360
    },
    {
      "Name": "SolidGreenNav",
      "AttachTo": "LightNavWingR2",
      "Color": [35, 255, 80],
      "PixelSize": 1,
      "VisibleAngle": 360
    },
    {
      "Name": "SolidRedNav",
      "AttachTo": "LightNavWingL",
      "Color": [255, 80, 35],
      "PixelSize": 1,
      "VisibleAngle": 360
    },
    {
      "Name": "SolidRedNav",
      "AttachTo": "LightNavWingL2",
      "Color": [255, 80, 35],
      "PixelSize": 1,
      "VisibleAngle": 360
    },
    {
      "Name": "RedNavL",
      "AttachTo": "LightIntakeL",
      "Color": [255, 80, 35],
      "VisibleAngle": 200,
      "PixelSize": 1,
      "AnimationRatio": 0.2
    },
    {
      "Name": "GreenNavR",
      "AttachTo": "LightIntakeR",
      "Color": [35, 255, 80],
      "VisibleAngle": 200,
      "PixelSize": 1,
      "AnimationRatio": 0.3
    },
    {
      "Name": "LandingLight",
      "AttachTo": "LightNoseGear",
      "Color": [255, 245, 235],
      "VisibleAngle": 30,
      "BulbSize": 0.15,
      "PixelSize": 1
    }
  ],

  "Colliders": [
    "C_Fuselage",
    "C_Nose",
    "C_Tail",
    "C_VentralFin",
    "C_ElevatorL",
    "C_ElevatorR",
    "C_WingOuterL",
    "C_WingOuterR",
    "C_RudderRoot",
    "C_RudderTip"
  ],

  "WingTrails": [
    "TrailL",
    "TrailR"
  ],

  "TargetType": "Fighter",
  "TargetCenter": "FlybyFocus",
  "Signature": {
    "Infrared": [
      {"Angle": 0, "Signature": 0.6},
      {"Angle": 90, "Signature": 0.8},
      {"Angle": 180, "Signature": 1.0}
    ],
    "Radar": [
      {"Angle": 0, "Signature": 0.8},
      {"Angle": 90, "Signature": 0.9},
      {"Angle": 180, "Signature": 0.8}
    ],
    "Radiation": 0.5,
    "RadiationFOV": 120.0,
    "Visual": 1
  },

  "Radar": {
    "Name": "APG66",
    "MountPoint": "Radar",
    "Domain": "All",
    "MaxRange": 150000.0,
    "Detectability": 1.0,
    "EffectiveRange": 83000.0,
    "FieldOfView": 120.0
  },

  "Countermeasures": {
    "Flares": 60,
    "Chaff": 60,
    "FireDelay": 0.4,
    "LaunchSpeed": 15,
	"FlareEffectiveness": 1.1,
    "FlareHardpoints": ["CMLauncher1", "CMLauncher2"],
    "ChaffHardpoints": ["CMLauncher2", "CMLauncher1"]
  },

  "FlybyFocus": "FlybyFocus",
  "MinCamDistance": 10,

  "PilotSeats": [ "Pilot" ],
  "CanopyMeshes": [ "CanopyEject" ],

  "Physics": {
    "EmptyWeightKg": 7386.618,
    "InternalFuelWeightKg": 3162,

    "AngularDrag": 750000,
    "CriticalAOA": 15,
    "GroundedElevatorBoost": 1.0,

    "MaxPitchRateDeg": 28,
    "MaxYawRateDeg": 5,
    "MaxRollRateDeg": 320,

    "WingArea": 19.87,
    "Wingspan": 9.45,

    "StallSpeedCleanKt": 180,

    "BrakeDeployTime": 2,
    "BrakeDrag": 0.5,

    "MaxSpeedDry": 635,
    "MaxSpeedWet": 1000,

    "RCSTorquePitch": 0,
    "RCSTorqueYaw": 0,
    "RCSTorqueRoll": 0,
    "RCSLimits": [],

    "GLimits": [
      {"Knots": 0, "G": 0.0},
      {"Knots": 90, "G": 0.0},
      {"Knots": 95, "G": 1.5},
      {"Knots": 100, "G": 2.0},
      {"Knots": 140, "G": 2.5},
      {"Knots": 200, "G": 3.5},
      {"Knots": 433, "G": 8.5},
      {"Knots": 466, "G": 8.3},
      {"Knots": 480, "G": 8.3},
      {"Knots": 533, "G": 8.3},
      {"Knots": 660, "G": 8.3}
    ]
  },

  "Engines": [
    {
      "Name": "F100",
      "DisplayName": "F100-PW-200",
      "ExternalAudioEvent": "event:/Engines/J79",
      "CockpitAudioEvent": "event:/Engines/AV8BMk2Cockpit",
      "DistantAudioEvent:": "event:/Engines/Distant/Fighter",

      "FuelEfficiency": 6,
      "FuelEfficiencyAB": 3,
	  "AltitudeEfficiency": 2.5,

      "MilThrust": 65255,
      "ABThrust": 106001,

      "HasAfterburner": true,
      "TimeToFullThrottle": 4.0,
      "StartupTime": 15.0,

      "Instances": [
        {
          "Name": "Center",
          "XOffset": 0,
          "Effects": [
            {
              "AttachTo": "EngineFX",
              "EffectPath": "Effects/Engines/AfterburningEngine",
              "NozzleInterior": "NozzleInt",
              "BurnerMinScale": 0.7,
              "BurnerMaxScale": 0.9
            }
          ]
        }
      ]
    }
  ],

  "FlapSpeed": 25,
  "FlapStates": [
      {
      "Name": "CruiseB",
      "StallSpeedKt": 190,
      "AOABoost": -0.25,
      "Drag": 0.0,
      "Angle": 0,
      "MaxSpeedKt": 1000,
      "MinNozzleAngle": 0
    },
    {
      "Name": "CruiseA",
      "StallSpeedKt": 180,
      "AOABoost": -0.25,
      "Drag": 0.0,
      "Angle": 5,
      "MaxSpeedKt": 500,
      "MinNozzleAngle": 0
    },
    {
      "Name": "SlowFlight",
      "StallSpeedKt": 160,
      "AOABoost": -0.25,
      "Drag": -0.02,
      "Angle": 7,
      "MaxSpeedKt": 430,
      "MinNozzleAngle": 0
    },
    {
      "Name": "SlowFlight",
      "StallSpeedKt": 160,
      "AOABoost": -0.25,
      "Drag": -0.02,
      "Angle": 8,
      "MaxSpeedKt": 400,
      "MinNozzleAngle": 0
    },
    {
      "Name": "SlowFlight",
      "StallSpeedKt": 160,
      "AOABoost": -0.25,
      "Drag": -0.02,
      "Angle": 10,
      "MaxSpeedKt": 320,
      "MinNozzleAngle": 0
    },
    {
      "Name": "SlowFlight",
      "StallSpeedKt": 160,
      "AOABoost": -0.4,
      "Drag": -0.02,
      "Angle": 25,
      "MaxSpeedKt": 240,
      "MinNozzleAngle": 0
    },
    {
      "Name": "SlowFlight",
      "StallSpeedKt": 160,
      "AOABoost": -0.5,
      "Drag": -0.02,
      "Angle": 30,
      "MaxSpeedKt": 210,
      "MinNozzleAngle": 0
    },
    {
      "Name": "SlowFlight",
      "StallSpeedKt": 160,
      "AOABoost": -1.0,
      "Drag": -0.5,
      "Angle": 35,
      "MaxSpeedKt": 180,
      "MinNozzleAngle": 0
    },
    {
      "Name": "Ground",
      "StallSpeedKt": 140,
      "AOABoost": -1.0,
      "Drag": -0.02,
      "Angle": 10,
      "MaxSpeedKt": 70,
      "MinNozzleAngle": 0
    }
  ],

  "LandingGear": {
    "GearUpAnimationName": "GearUp",
    "ExtendAudioEvent": "event:/Aircraft/GearDeploy",
    "RetractAudioEvent": "event:/Aircraft/GearRetract",
    "RetractTime": 3.0,
    "HideGeometry": [],

    "AeroDrag": 0.1,
    "OffRoadDrag": 600,
    "OffRoadBonus": 1,
    "OffRoadGripMultiplier": 0.1,
    "OffRoadBrakeMultiplier": 0.1,

    "Wheels": [
      {
        "Name": "GearNoseGear",
        "Position": "Center",
        "UseAnimation": true,

        "AttachPoint": "GearNoseAttach",
        "GearDummy": "GearNoseStrut",
        "WheelDummy": "GearNoseWheel",
        "Collateral": [ "GearNoseBase" ],

        "SuspensionRootOffset": 0.25,
        "SuspensionTravel": 0.460,
        "MaxGearTravel": 0.182,
        "Radius": 0.2,

        "SpringForce": 750,
        "DampingForce": 2,

        "SteerSpeed": 30,
        "SteerMaxAngle": 30,
        "SteeringCurve": [
          {"Knots": 0, "SteeringPower": 1.0},
          {"Knots": 10, "SteeringPower": 1.0},
          {"Knots": 30, "SteeringPower": 0.25},
          {"Knots": 90, "SteeringPower": 0.0}
        ],

        "MaxSidewaysForce": 10,
        "TractionForce": 35,
        "BrakingForce": 25
      },
      {
        "Name": "GearMainGearL",
        "Position": "Left",
        "UseAnimation": true,

        "AttachPoint": "GearMainAttachL",
        "GearDummy": "GearMainStrutL",
        "WheelDummy": "GearMainWheelL",
        "Collateral": [ "GearMainBaseL" ],

        "SuspensionRootOffset": 0.35,
        "SuspensionTravel": 0.499,
        "MaxGearTravel": 0.192,
        "Radius": 0.31,

        "SpringForce": 1500,
        "DampingForce": 5,

        "MaxSteerSpeed": 0,

        "MaxSidewaysForce": 30,
        "TractionForce": 35,
        "BrakingForce": 0
      },
      {
        "Name": "GearMainGearR",
        "Position": "Right",
        "UseAnimation": true,

        "AttachPoint": "GearMainAttachR",
        "GearDummy": "GearMainStrutR",
        "WheelDummy": "GearMainWheelR",
        "Collateral": [ "GearMainBaseR" ],

        "SuspensionRootOffset": 0.35,
        "SuspensionTravel": 0.499,
        "MaxGearTravel": 0.192,
        "Radius": 0.31,

        "SpringForce": 1500,
        "DampingForce": 5,

        "MaxSteerSpeed": 0,

        "MaxSidewaysForce": 30,
        "TractionForce": 35,
        "BrakingForce": 0
      }
    ]
  },
  "AnimatedParts": [
    {
      "Name": "FlaperonR",
      "Part": "BFlaperonR",
      "Speed": 5,
      "RotationAxis": [0, 0, 1],
      "FlapInfluence": -0.65,
      "AngleByPitch": [
        {"Control": -1, "Degrees": -10},
        {"Control": 0, "Degrees": 4},
        {"Control": 1, "Degrees": 7}
      ],
      "AngleByRoll": [
        {"Control": -1, "Degrees": -10},
        {"Control": 1, "Degrees": 10}
      ]
    },
    {
      "Name": "FlaperonL",
      "Part": "BFlaperonL",
      "Speed": 5,
      "RotationAxis": [0, 0, 1],
      "FlapInfluence": 0.65,
      "AngleByPitch": [
        {"Control": -1, "Degrees":  10},
        {"Control": 0, "Degrees": -3},
        {"Control": 1, "Degrees": -7}
      ],
      "AngleByRoll": [
        {"Control": -1, "Degrees": -10},
        {"Control": 1, "Degrees":  10}
      ]
    },
    {
      "Name": "ElevatorR",
      "Part": "BElevators",
      "Speed": 5,
      "RotationAxis": [0, 0, 1],
      "AngleByPitch": [
        {"Control": -1, "Degrees": -10},
        {"Control": -0.7, "Degrees": -5},
        {"Control": 0, "Degrees": 3},
        {"Control": 0.7, "Degrees": 2.5},
        {"Control": 1, "Degrees": 5}
	  ]
    },
    {
      "Name": "ElevatorL",
      "Part": "BElevators",
      "Speed": 5,
      "RotationAxis": [0, 0, 1],
      "AngleByPitch": [
        {"Control": -1, "Degrees": -10},
        {"Control": -0.7, "Degrees": -5},
        {"Control": 0, "Degrees": 3},
        {"Control": 0.7, "Degrees": 2.5},
        {"Control": 1, "Degrees": 5}
	  ]
    },
    {
      "Name": "Rudder",
      "Part": "BRudder",
      "Speed": 5,
      "RotationAxis": [0, 0, 1],
      "AngleByYaw": [
        {"Control": -1, "Degrees": 10},
        {"Control": 1, "Degrees": -10}
      ]
    },
    {
      "Name": "SpeedBrakeTop",
      "Part": "SpeedBrakeTop",
      "Speed": 10,
      "RotationAxis": [1, 0, 0],
      "AngleByBrake": [
        {"Control": -1, "Degrees": 0},
        {"Control": 0, "Degrees": 0},
        {"Control": 1, "Degrees": 60}
      ]
    },
    {
      "Name": "SpeedBrakeBottom",
      "Part": "SpeedBrakeBottom",
      "Speed": 10,
      "RotationAxis": [1, 0, 0],
      "AngleByBrake": [
        {"Control": -1, "Degrees": 0},
        {"Control": 0, "Degrees": 0},
        {"Control": 1, "Degrees": -60}
      ]
    }
  ],

  "FuselageHP": 500,
  "CriticalHP": 350,

  "HideMeshesOnDestroy": [
    "Fuselage",
    "NozzleIntL",
    "NozzleIntR",
    "Cockpit",
    "GearNoseStrut",
    "GearNoseBase",
    "GearNoseWheel"
  ],

  "GibMeshes": [
    "GibsBody",
    "GibsCockpit",
    "GibsEngine",
    "GibsNose"
  ],

  "DamageEffects": [
    {
      "EffectPath": "Effects/Damage/LongSmokeTrail",
      "SpawnLocation": "",
      "AttachToParent": true,

      "SpawnChance": 1,
      "SpawnEffectAtImpact": false,

      "TriggerWithPercent": true,
      "TriggerPercent": 0.9
    }
  ],

  "FireFX": "Effects/Damage/ShortFireTrail",
  "AirExplosionFX": "Effects/Explosion/ExplosionAirMedium",
  "GroundExplosionFX": "Effects/Explosion/ExplosionGroundMedium",
  "WaterExplosionFX": "Effects/Explosion/ExplosionWaterMedium",

  "DamageableParts": [
    {
      "Name": "ElevatorLeft",
      "Hp": 25,
      "Mass": 150,
      "BreakImpulse": 10,
      "ContributesDamage": true,
      "ChildPart": "",
      "VisualMesh": "ElevatorLTip",
      "ColliderMesh": "C_ElevatorL",
      "Collateral": [ ],
      "PhysicsDamage": [
        {"Wing": "WingRight", "WingAreaDamage": 2.0},
        {"Control": "Pitch", "ControlDamage": 0.5}
      ],
      "DestroyTrails": [ ],
      "DestroyEngines": [ ]
    },
    {
      "Name": "ElevatorRight",
      "Hp": 25,
      "Mass": 150,
      "BreakImpulse": 10,
      "ContributesDamage": true,
      "ChildPart": "",
      "VisualMesh": "ElevatorRTip",
      "ColliderMesh": "C_ElevatorR",
      "Collateral": [ ],
      "PhysicsDamage": [
        {"Wing": "WingLeft", "WingAreaDamage": 2.0},
        {"Control": "Pitch", "ControlDamage": 0.5}
      ],
      "DestroyTrails": [ ],
      "DestroyEngines": [ ]
    },
    {
      "Name": "WingTipLeft",
      "Hp": 25,
      "Mass": 500,
      "BreakImpulse": 10,
      "ContributesDamage": true,
      "ChildPart": "",
      "VisualMesh": "WingLTip",
      "ColliderMesh": "C_WingOuterL",
      "Collateral": [
        "GearLockL",
        "Pylon7",
        "Pylon6",
        "AileronL"
      ],
      "PhysicsDamage": [
        {"Wing": "WingLeft", "WingAreaDamage": 3.5},
        {"Control": "Roll", "ControlDamage": 0.5},
      ],
      "DestroyTrails": [ "TrailL" ],
      "DestroyEngines": [ ]
    },
    {
      "Name": "WingTipRight",
      "Hp": 25,
      "Mass": 500,
      "BreakImpulse": 10,
      "ContributesDamage": true,
      "ChildPart": "",
      "VisualMesh": "WingRTip",
      "ColliderMesh": "C_WingOuterR",
      "Collateral": [
        "GearLockR",
        "Pylon1",
        "Pylon2",
        "AileronR"
      ],
      "PhysicsDamage": [
        {"Wing": "WingRight", "WingAreaDamage": 3.5},
        {"Control": "Roll", "ControlDamage": 0.5},
      ],
      "DestroyTrails": [ "TrailR" ],
      "DestroyEngines": [ ]
    },
    {
      "Name": "WingLeft",
      "Hp": 50,
      "Mass": 500,
      "BreakImpulse": 35,
      "ContributesDamage": true,
      "ChildPart": "WingTipLeft",
      "VisualMesh": "WingLCenter",
      "ColliderMesh": "C_LeftWing",
      "Collateral": [
        "FlapL",
        "Pylon5"
      ],
      "PhysicsDamage": [
        {"Wing": "WingLeft", "WingAreaDamage": 7.5}
      ],
      "DestroyTrails": [ ],
      "DestroyEngines": [
        {"Engine": "F100", "Instance": "Main"}
      ]
    },
    {
      "Name": "WingRight",
      "Hp": 50,
      "Mass": 500,
      "BreakImpulse": 35,
      "ContributesDamage": true,
      "ChildPart": "WingTipRight",
      "VisualMesh": "WingRCenter",
      "ColliderMesh": "C_RightWing",
      "Collateral": [
        "FlapR",
        "Pylon3"
      ],
      "PhysicsDamage": [
        {"Wing": "WingLeft", "WingAreaDamage": 7.5}
      ],
      "DestroyTrails": [ ],
      "DestroyEngines": [
        {"Engine": "F100", "Instance": "Main"}
      ]
    },
    {
      "Name": "Rudder",
      "Hp": 60,
      "Mass": 150,
      "BreakImpulse": 10,
      "ContributesDamage": true,
      "ChildPart": "",
      "VisualMesh": "VerticalStabilizerTip",
      "ColliderMesh": "C_RudderTip",
      "Collateral": [
        "Rudder"
      ],
      "PhysicsDamage": [
        {"Wing": "StabilizerVertical", "WingAreaDamage": 8.0},
        {"Control": "Yaw", "ControlDamage": 1.0}
      ],
      "DestroyTrails": [ ],
      "DestroyEngines": [ ]
    }
  ],

  "Gun": {
    "Weapon": "M61A1 512rnd",
    "Barrels": [
      {"Barrel": "Barrel", "FirePoint": "Barrel"}
    ]
  },

  "Stations": [
    {
      "Number": 1,
      "PylonMesh": "SWPylonTipL",
      "AttachPoint": "Station1",
      "FireOrder": 1,
      "HidePylonWhenUnloaded": false,
      "IsHardpoint": false
    },
    {
      "Number": 2,
      "PylonMesh": "SWPylonOuterL",
      "AttachPoint": "Station2",
      "FireOrder": 3,
      "HidePylonWhenUnloaded": true,
      "IsHardpoint": false
    },
    {
      "Number": 3,
      "PylonMesh": "PylonOuterL",
      "AttachPoint": "Station3",
      "FireOrder": 5,
      "HidePylonWhenUnloaded": true,
      "IsHardpoint": false
    },
    {
      "Number": 4,
      "PylonMesh": "PylonInnerL",
      "AttachPoint": "Station4",
      "FireOrder": 7,
      "HidePylonWhenUnloaded": true,
      "IsHardpoint": false
    },
    {
      "Number": 5,
      "PylonMesh": "PylonCenter",
      "AttachPoint": "Station5",
      "FireOrder": 9,
      "HidePylonWhenUnloaded": false,
      "MirrorLaunchers": false,
      "IsHardpoint": false
    },
    {
      "Number": 6,
      "PylonMesh": "PylonInnerR",
      "AttachPoint": "Station6",
      "FireOrder": 8,
      "HidePylonWhenUnloaded": true,
      "MirrorLaunchers": true,
      "IsHardpoint": false
    },
    {
      "Number": 7,
      "PylonMesh": "PylonOuterR",
      "AttachPoint": "Station7",
      "FireOrder": 6,
      "HidePylonWhenUnloaded": true,
      "MirrorLaunchers": true,
      "IsHardpoint": false
    },
    {
      "Number": 8,
      "PylonMesh": "SWPylonOuterR",
      "AttachPoint": "Station8",
      "FireOrder": 4,
      "HidePylonWhenUnloaded": true,
      "MirrorLaunchers": true,
      "IsHardpoint": false
    },
    {
      "Number": 9,
      "PylonMesh": "SWPylonTipR",
      "AttachPoint": "Station9",
      "FireOrder": 2,
      "HidePylonWhenUnloaded": false,
      "IsHardpoint": false
    }
  ]
}
