[
  {
    "Name": "M61A1 512rnd",
    "DisplayName": "M61A1 20x102mm NATO",
    "Bullet": "20x102mm NATO",
    "MuzzleFlash": "Effects/MuzzleFlash/VulcanMuzzleFlash",
    "UseAmmo": true,
    "AmmoCount": 512,
    "RecoilForce": 225,
    "Gun":
    {
      "FireDelay": 0.01,
      "FireDelayRandomization": 0.0,
      "MuzzleVelocity": 1050,
      "Deviation": 0.35,
      "UseSequentialFiring": true,
      "BurstLength": 0,
      "BurstDelay": 0.1
    },
    "Audio":
    {
      "Sound": "event:/Weapons/GAU12",
      "IsLoopingAudio": true
    },
    "Shake":
    {
      "Power": 0.02,
      "IsContinuous": true,
      "MinRange": 150,
      "MaxRange": 250
    }
  }
]
