[
  {
    "Name": "F16A",
    "DisplayName": "F-16A",
    "Category": "FixedWing",
    "Filter": "Fighter",
    "IsFancy": true,
    "Description": "",
    "Tactics": ""
  },
 {
    "Name": "F16C",
    "DisplayName": "F-16C-40",
    "Category": "FixedWing",
    "Filter": "Fighter",
    "IsFancy": true,
    "Description": "",
    "Tactics": ""
  },
 {
    "Name": "F16AM",
    "DisplayName": "F-16AM(MLU)",
    "Category": "FixedWing",
    "Filter": "Fighter",
    "IsFancy": true,
    "Description": "",
    "Tactics": ""
  },
]
