{
  "Name": "F16A NPCFM",
  "AllowedStores": [
    {
      "Store": "AIM9J",
      "MaxCountPerStation": {
        "1": 1,
        "2": 1,
        "8": 1,
        "9": 1
      },
    "LauncherModelPaths": {}
    },
    {
      "Store": "AIM9P5",
      "MaxCountPerStation": {
        "1": 1,
        "2": 1,
        "8": 1,
        "9": 1
      },
    "LauncherModelPaths": {}
    },
    {
      "Store": "AIM9L",
      "MaxCountPerStation": {
        "1": 1,
        "2": 1,
        "8": 1,
        "9": 1
      },
    "LauncherModelPaths": {}
    },
    {
      "Store": "AIM7E",
      "MaxCountPerStation": {
        "3": 1,
        "7": 1
      },
    "LauncherModelPaths": {}
    },
    {
      "Store": "AIM7F",
      "MaxCountPerStation": {
        "3": 1,
        "7": 1
      },
    "LauncherModelPaths": {}
    },
    {
      "Store": "AGM88A",
      "MaxCountPerStation": {
        "2": 1,
        "3": 1,
        "8": 1,
        "7": 1
      },
    "LauncherModelPaths": {        
		"1": "Launchers/AGM65Launcher"}
    },
	{
      "Store": "Mk82",
      "MaxCountPerStation": {
        "3": 6,
        "4": 3,
        "6": 3,
        "7": 6
      },
      "LauncherModelPaths": {
        "2": "Launchers/BombTER",
        "3": "Launchers/BombTER",
        "4": "Launchers/BombMER5",
        "5": "Launchers/BombMER5",
        "6": "Launchers/BombMER6"
      }
    },
	{
      "Store": "Mk82SE",
      "MaxCountPerStation": {
        "3": 6,
        "4": 3,
        "6": 3,
        "7": 6
      },
      "LauncherModelPaths": {
        "2": "Launchers/BombTER",
        "3": "Launchers/BombTER",
        "4": "Launchers/BombMER5",
        "5": "Launchers/BombMER5",
        "6": "Launchers/BombMER6"
      }
    },
	{
      "Store": "Mk82AIR",
      "MaxCountPerStation": {
        "3": 6,
        "4": 3,
        "6": 3,
        "7": 6
      },
      "LauncherModelPaths": {
        "2": "Launchers/BombTER",
        "3": "Launchers/BombTER",
        "4": "Launchers/BombMER5",
        "5": "Launchers/BombMER5",
        "6": "Launchers/BombMER6"
      }
    },
	{
      "Store": "Mk82AB",
      "MaxCountPerStation": {
        "3": 6,
        "4": 3,
        "6": 3,
        "7": 6
      },
      "LauncherModelPaths": {
        "2": "Launchers/BombTER",
        "3": "Launchers/BombTER",
        "4": "Launchers/BombMER5",
        "5": "Launchers/BombMER5",
        "6": "Launchers/BombMER6"
      }
    },
	{
      "Store": "Mk83",
      "MaxCountPerStation": {
        "3": 6,
        "4": 3,
        "6": 3,
        "7": 6
      },
      "LauncherModelPaths": {
        "2": "Launchers/BombTER",
        "3": "Launchers/BombTER",
        "4": "Launchers/BombMER5",
        "5": "Launchers/BombMER5",
        "6": "Launchers/BombMER6"
      }
    },
	{
      "Store": "Mk83SE",
      "MaxCountPerStation": {
        "3": 6,
        "4": 3,
        "6": 3,
        "7": 6
      },
      "LauncherModelPaths": {
        "2": "Launchers/BombTER",
        "3": "Launchers/BombTER",
        "4": "Launchers/BombMER5",
        "5": "Launchers/BombMER5",
        "6": "Launchers/BombMER6"
      }
    },
	{
      "Store": "Mk84",
      "MaxCountPerStation": {
        "3": 6,
        "4": 3,
        "6": 3,
        "7": 6
      },
      "LauncherModelPaths": {
        "2": "Launchers/BombTER",
        "3": "Launchers/BombTER",
        "4": "Launchers/BombMER5",
        "5": "Launchers/BombMER5",
        "6": "Launchers/BombMER6"
      }
    },
	{
      "Store": "Mk20",
      "MaxCountPerStation": {
        "3": 6,
        "4": 3,
        "6": 3,
        "7": 6
      },
      "LauncherModelPaths": {
        "2": "Launchers/BombTER",
        "3": "Launchers/BombTER",
        "4": "Launchers/BombMER5",
        "5": "Launchers/BombMER5",
        "6": "Launchers/BombMER6"
      }
    },
	{
      "Store": "CBU87",
      "MaxCountPerStation": {
        "3": 6,
        "4": 3,
        "6": 3,
        "7": 6
      },
      "LauncherModelPaths": {
        "2": "Launchers/BombTER",
        "3": "Launchers/BombTER",
        "4": "Launchers/BombMER5",
        "5": "Launchers/BombMER5",
        "6": "Launchers/BombMER6"
      }
    },
	{
      "Store": "GBU8",
      "MaxCountPerStation": {
        "3": 1,
        "4": 1,
        "6": 1,
        "7": 1
      },
      "LauncherModelPaths": {}
    },
	{
      "Store": "AGM65B",
      "MaxCountPerStation": {
        "3": 3,
        "7": 3
      },
      "LauncherModelPaths": {
        "1": "Launchers/AGM65Launcher",
        "2": "Launchers/AGM65LauncherX3",
        "3": "Launchers/AGM65LauncherX3"}
    },
	{
      "Store": "AGM65D",
      "MaxCountPerStation": {
        "3": 3,
		"4": 1,
		"6": 1,
        "7": 3
      },
      "LauncherModelPaths": {
        "1": "Launchers/AGM65Launcher",
        "2": "Launchers/AGM65LauncherX3",
        "3": "Launchers/AGM65LauncherX3"}
    },
	{
      "Store": "AGM65D2",
      "MaxCountPerStation": {
        "3": 3,
		"4": 1,
		"6": 1,
        "7": 3
      },
      "LauncherModelPaths": {
        "1": "Launchers/AGM65Launcher",
        "2": "Launchers/AGM65LauncherX3",
        "3": "Launchers/AGM65LauncherX3"}
    },
    {
      "Store": "F-16A370Gal",
      "MaxCountPerStation": {
        "4": 1,
        "6": 1
      },
      "LauncherModelPaths": {}
    },
    {
      "Store": "F-16A300Gal",
      "MaxCountPerStation": {
        "5": 1
      },
      "LauncherModelPaths": {}
    },
	{
	  "Store": "B61-4",
	  "MaxCountPerStation": {
	  	"3": 1,
	  	"4": 1,
		"5": 1,
		"6": 1
	  },
	  "LauncherModelPaths":{}
	},
	{
	  "Store": "B61-4R",
	  "MaxCountPerStation": {
		"3": 1,
		"4": 1,
		"5": 1,
		"6": 1
	  },
	  "LauncherModelPaths":{}
	}
  ],
  "Loadouts": [
    {
      "Name": "Clean",
      "NormalizedFuel": 0.5,
      "Stores": []
    },
    {
      "Name": "Clean F1.0",
      "NormalizedFuel": 1.0,
      "Stores": []
    },
    {
      "Name": "Demo",
      "NormalizedFuel": 0.5,
      "Stores": []
    },
    {
      "Name": "Dogfight",
      "NormalizedFuel": 0.5,
      "Stores": [
        {
          "Station": 1,
          "Name": "AIM9L",
          "Count": 1
        },
        {
          "Station": 9,
          "Name": "AIM9L",
          "Count": 1
        }
      ]
    },
    {
      "Name": "Air Superiority",
      "NormalizedFuel": 1.0,
      "Stores": [
        {
          "Station": 1,
          "Name": "AIM9L",
          "Count": 1
        },
        {
          "Station": 2,
          "Name": "AIM9L",
          "Count": 1
        },
        {
          "Station": 3,
          "Name": "AIM120A",
          "Count": 1
        },
        {
          "Station": 7,
          "Name": "AIM120A",
          "Count": 1
        },
        {
          "Station": 8,
          "Name": "AIM9L",
          "Count": 1
        },
        {
          "Station": 9,
          "Name": "AIM9L",
          "Count": 1
        }
      ]
    }
  ]
}